Source,Target,Type
391,769,aG-B
391,496,W-B
496,769,W-G
391,1295,W-B
769,1295,W-G
517,1080,aG-B
449,1080,W-B
449,517,W-G
997,1080,W-B
517,997,W-G
230,364,aG-B
230,856,W-B
364,856,W-G
230,351,W-B
351,364,W-G
319,397,aG-B
397,844,W-B
397,1164,W-B
69,319,W-G
319,921,W-G
125,412,aG-B
412,571,W-B
125,571,W-G
412,818,W-B
125,818,W-G
1097,1206,aG-B
512,1097,W-B
512,1206,W-G
869,1097,W-B
869,1206,W-G
52,872,aG-B
52,151,W-B
151,872,W-G
52,460,W-B
460,872,W-G
393,857,aG-B
393,1361,W-B
393,1362,W-B
215,857,W-G
188,857,W-G
342,1062,aG-B
1062,1380,W-B
342,1380,W-G
438,1062,W-B
342,438,W-G
1359,1519,aG-B
64,1519,W-B
64,1359,W-G
1393,1519,W-B
1359,1393,W-G
623,1179,aG-B
436,1179,W-B
436,623,W-G
1179,1327,W-B
623,1327,W-G
246,341,aG-B
246,534,W-B
341,534,W-G
246,296,W-B
296,341,W-G
557,1098,aG-B
1098,1272,W-B
557,1272,W-G
97,1098,W-B
97,557,W-G
57,353,aG-B
57,1310,W-B
353,1310,W-G
57,501,W-B
353,501,W-G
957,1421,aG-B
957,1201,W-B
1201,1421,W-G
957,1210,W-B
1210,1421,W-G
84,214,aG-B
214,1000,W-B
84,1000,W-G
114,214,W-B
84,114,W-G
30,270,aG-B
270,1241,W-B
30,1241,W-G
270,1200,W-B
30,1200,W-G
61,668,aG-B
668,1380,W-B
61,1380,W-G
668,1341,W-B
61,1341,W-G
80,223,aG-B
94,223,W-B
80,94,W-G
223,248,W-B
80,248,W-G
533,1495,aG-B
519,1495,W-B
519,533,W-G
1495,1505,W-B
533,1505,W-G
204,404,aG-B
404,519,W-B
204,519,W-G
404,1505,W-B
204,1505,W-G
1443,1473,aG-B
813,1443,W-G
736,1443,W-G
531,1473,W-B
1238,1473,W-B
92,399,aG-B
399,1329,W-B
399,992,W-B
253,567,aG-B
253,468,W-B
468,567,W-G
253,519,W-B
519,567,W-G
714,1038,aG-B
714,763,W-B
763,1038,W-G
714,1195,W-B
1038,1195,W-G
942,1266,aG-B
503,1266,W-B
503,942,W-G
1266,1505,W-B
942,1505,W-G
831,974,aG-B
860,974,W-B
831,860,W-G
178,974,W-B
178,831,W-G
1403,1464,aG-B
1231,1464,W-B
1231,1403,W-G
762,1464,W-B
762,1403,W-G
276,929,aG-B
505,929,W-B
276,505,W-G
929,1198,W-B
276,1198,W-G
1217,1307,aG-B
301,1307,W-B
301,1217,W-G
361,1307,W-B
361,1217,W-G
119,637,aG-B
637,778,W-B
119,778,W-G
350,637,W-B
119,350,W-G
56,761,aG-B
56,612,W-B
612,761,W-G
56,1006,W-B
761,1006,W-G
154,1463,aG-B
599,1463,W-B
154,599,W-G
534,1463,W-B
154,534,W-G
238,596,aG-B
238,562,W-B
562,596,W-G
238,243,W-B
243,596,W-G
112,644,aG-B
108,644,W-B
108,112,W-G
644,1037,W-B
112,1037,W-G
939,1281,aG-B
939,1258,W-B
1258,1281,W-G
367,939,W-B
367,1281,W-G
2,315,aG-B
2,1269,W-B
315,1269,W-G
2,1376,W-B
315,1376,W-G
1202,1305,aG-B
607,1305,W-B
607,1202,W-G
503,1305,W-B
503,1202,W-G
274,1021,aG-B
274,1230,W-B
1021,1230,W-G
274,1316,W-B
1021,1316,W-G
392,587,aG-B
392,777,W-B
587,777,W-G
99,392,W-B
99,587,W-G
212,508,aG-B
212,778,W-B
508,778,W-G
212,777,W-B
508,777,W-G
1263,1356,aG-B
519,1263,W-B
519,1356,W-G
122,1263,W-B
122,1356,W-G
199,1094,aG-B
3,1094,W-B
3,199,W-G
91,1094,W-B
91,199,W-G
359,457,aG-B
359,1385,W-G
359,1101,W-G
457,1145,W-B
457,903,W-B
1015,1182,aG-B
3,1182,W-B
3,1015,W-G
501,1182,W-B
501,1015,W-G
938,943,aG-B
612,938,W-B
612,943,W-G
938,996,W-B
943,996,W-G
928,1027,aG-B
405,928,W-B
405,1027,W-G
928,1380,W-B
1027,1380,W-G
115,1180,aG-B
778,1180,W-B
115,778,W-G
1051,1180,W-B
115,1051,W-G
660,1431,aG-B
660,1176,W-B
1176,1431,W-G
660,1146,W-B
1146,1431,W-G
236,1260,aG-B
236,1449,W-B
1260,1449,W-G
236,758,W-B
758,1260,W-G
15,1511,aG-B
15,120,W-B
120,1511,W-G
15,98,W-B
98,1511,W-G
26,1107,aG-B
760,1107,W-B
26,760,W-G
1107,1382,W-B
26,1382,W-G
247,1404,aG-B
93,247,W-B
93,1404,W-G
247,1203,W-B
1203,1404,W-G
4,634,aG-B
4,10,W-G
634,1264,W-B
4,1264,W-G
127,634,W-B
493,1522,aG-B
493,774,W-G
487,493,W-G
1134,1522,W-B
40,1522,W-B
213,739,aG-B
47,213,W-B
47,739,W-G
213,1440,W-B
739,1440,W-G
408,765,aG-B
408,648,W-B
648,765,W-G
352,408,W-B
352,765,W-G
462,1131,aG-B
520,1131,W-B
462,520,W-G
1131,1208,W-B
462,1208,W-G
756,1462,aG-B
757,1462,W-B
756,757,W-G
3,1462,W-B
3,756,W-G
306,1090,aG-B
489,1090,W-B
306,489,W-G
1090,1417,W-B
306,1417,W-G
294,402,aG-B
211,402,W-B
211,294,W-G
402,1121,W-B
294,1121,W-G
38,302,aG-B
38,525,W-B
302,525,W-G
38,371,W-B
302,371,W-G
432,598,aG-B
432,1330,W-B
598,1330,W-G
361,432,W-B
361,598,W-G
785,1082,aG-B
219,1082,W-B
219,785,W-G
1082,1108,W-B
785,1108,W-G
836,1144,aG-B
702,1144,W-B
702,836,W-G
1144,1234,W-B
836,1234,W-G
582,885,aG-B
582,843,W-G
855,885,W-B
470,885,W-B
421,885,W-B
514,582,W-G
553,697,aG-B
697,1380,W-B
553,1380,W-G
697,742,W-B
553,742,W-G
481,986,aG-B
520,986,W-B
481,520,W-G
103,986,W-B
103,481,W-G
159,1147,aG-B
1147,1380,W-B
159,1380,W-G
386,1147,W-B
159,386,W-G
973,1383,aG-B
973,1127,W-B
1127,1383,W-G
973,1165,W-B
1165,1383,W-G
455,570,aG-B
455,1000,W-B
570,1000,W-G
455,998,W-B
570,998,W-G
891,1400,aG-B
309,1400,W-G
208,1400,W-G
330,891,W-B
891,1233,W-B
346,679,aG-B
679,948,W-B
346,948,W-G
196,679,W-B
196,346,W-G
848,1302,aG-B
848,865,W-G
580,848,W-G
892,1302,W-B
1302,1459,W-B
749,1074,aG-B
160,1074,W-B
160,749,W-G
1074,1271,W-B
749,1271,W-G
1048,1493,aG-B
328,1048,W-B
328,1493,W-G
1048,1187,W-B
1187,1493,W-G
250,1348,aG-B
250,1081,W-B
1081,1348,W-G
250,1311,W-B
1311,1348,W-G
453,1453,aG-B
183,1453,W-G
363,1453,W-G
184,453,W-B
453,940,W-B
735,926,aG-B
167,926,W-B
167,735,W-G
3,926,W-B
3,735,W-G
1259,1497,aG-B
259,1497,W-B
259,1259,W-G
197,1497,W-B
197,1259,W-G
879,1408,aG-B
879,1418,W-B
1408,1418,W-G
780,879,W-B
780,1408,W-G
618,721,aG-B
618,1366,W-B
721,1366,W-G
618,1514,W-B
721,1514,W-G
368,1057,aG-B
1026,1057,W-B
368,1026,W-G
793,1057,W-B
368,793,W-G
920,1177,aG-B
920,1375,W-G
920,1280,W-G
581,1177,W-B
1177,1386,W-B
59,407,aG-B
218,407,W-B
59,218,W-G
407,687,W-B
59,687,W-G
190,708,aG-B
503,708,W-B
190,503,W-G
708,726,W-B
190,726,W-G
694,1002,aG-B
96,694,W-B
96,1002,W-G
694,1218,W-B
1002,1218,W-G
962,1354,aG-B
525,962,W-B
525,1354,W-G
738,962,W-B
738,1354,W-G
109,423,aG-B
423,798,W-B
109,798,W-G
423,502,W-B
109,502,W-G
198,1120,aG-B
519,1120,W-B
198,519,W-G
501,1120,W-B
198,501,W-G
586,1104,aG-B
363,1104,W-B
363,586,W-G
281,1104,W-B
281,586,W-G
37,327,aG-B
37,152,W-B
152,327,W-G
37,791,W-B
327,791,W-G
244,1250,aG-B
244,503,W-B
503,1250,W-G
244,1089,W-B
1089,1250,W-G
45,187,aG-B
187,671,W-G
45,388,W-B
45,701,W-B
45,1384,W-B
187,613,W-G
45,914,W-B
619,1162,aG-B
611,1162,W-B
611,619,W-G
1162,1188,W-B
619,1188,W-G
374,678,aG-B
678,1000,W-B
374,1000,W-G
354,678,W-B
354,374,W-G
81,424,aG-B
424,1046,W-B
81,1046,W-G
424,1045,W-B
81,1045,W-G
492,978,aG-B
196,978,W-B
196,492,W-G
978,1189,W-B
492,1189,W-G
252,1428,aG-B
252,1490,W-B
1428,1490,W-G
83,252,W-B
83,1428,W-G
134,429,aG-B
12,429,W-B
12,134,W-G
429,566,W-B
134,566,W-G
450,913,aG-B
155,450,W-B
155,913,W-G
450,1122,W-B
913,1122,W-G
527,1073,aG-B
335,1073,W-B
335,527,W-G
1073,1374,W-B
527,1374,W-G
348,658,aG-B
124,658,W-B
124,348,W-G
658,1369,W-B
348,1369,W-G
287,675,aG-B
675,869,W-B
287,869,W-G
675,1039,W-B
287,1039,W-G
140,915,aG-B
915,1517,W-B
140,1517,W-G
915,1369,W-B
140,1369,W-G
771,1099,aG-B
778,1099,W-B
771,778,W-G
60,1099,W-B
60,771,W-G
873,1083,aG-B
951,1083,W-B
873,951,W-G
1083,1343,W-B
873,1343,W-G
964,1215,aG-B
296,1215,W-G
405,1215,W-G
130,1139,aG-B
1139,1517,W-B
130,1517,W-G
547,1139,W-B
130,547,W-G
464,1085,aG-B
158,1085,W-B
158,464,W-G
787,1085,W-B
464,787,W-G
1087,1321,aG-B
752,1087,W-B
752,1321,W-G
1087,1332,W-B
1321,1332,W-G
970,1320,aG-B
194,970,W-B
194,1320,W-G
970,1283,W-B
1283,1320,W-G
263,322,aG-B
322,415,W-G
176,322,W-G
263,732,W-B
263,584,W-B
723,1171,aG-B
385,1171,W-B
385,723,W-G
20,1171,W-B
20,723,W-G
713,781,aG-B
713,1451,W-B
781,1451,W-G
713,1031,W-B
781,1031,W-G
414,700,aG-B
700,1188,W-B
414,1188,W-G
96,700,W-B
96,414,W-G
1235,1244,aG-B
196,1235,W-B
196,1244,W-G
787,1235,W-B
787,1244,W-G
1052,1154,aG-B
155,1154,W-B
155,1052,W-G
183,1154,W-B
183,1052,W-G
65,826,aG-B
609,826,W-B
65,609,W-G
277,826,W-B
65,277,W-G
101,696,aG-B
520,696,W-B
101,520,W-G
696,777,W-B
101,777,W-G
41,1023,aG-B
41,994,W-B
994,1023,W-G
41,501,W-B
501,1023,W-G
305,1116,aG-B
489,1116,W-B
305,489,W-G
1116,1405,W-B
305,1405,W-G
1304,1377,aG-B
718,1304,W-B
718,1377,W-G
179,1377,W-G
162,228,aG-B
228,386,W-B
162,386,W-G
228,1240,W-B
162,1240,W-G
68,890,aG-B
68,727,W-G
68,1142,W-G
841,890,W-B
381,890,W-B
794,1169,aG-B
861,1169,W-B
794,861,W-G
796,1169,W-B
794,796,W-G
1169,1221,W-B
719,1502,aG-B
905,1502,W-B
1224,1502,W-B
703,719,W-G
719,910,W-G
792,1092,aG-B
1000,1092,W-B
792,1000,W-G
343,1092,W-B
343,792,W-G
444,1309,aG-B
376,444,W-B
376,1309,W-G
444,1352,W-B
1309,1352,W-G
795,1478,aG-B
197,1478,W-B
197,795,W-G
478,1478,W-B
478,795,W-G
684,1242,aG-B
490,684,W-B
490,1242,W-G
435,684,W-B
435,1242,W-G
622,1174,aG-B
797,1174,W-B
622,797,W-G
507,1174,W-B
507,622,W-G
102,1047,aG-B
519,1047,W-B
102,519,W-G
1047,1246,W-B
102,1246,W-G
494,625,aG-B
23,625,W-B
23,494,W-G
625,822,W-B
494,822,W-G
420,1480,aG-B
420,1029,W-B
1029,1480,W-G
420,1325,W-B
1325,1480,W-G
987,1379,aG-B
987,1061,W-B
1061,1379,W-G
386,987,W-B
386,1379,W-G
863,1489,aG-B
320,863,W-G
810,863,W-G
1436,1489,W-B
27,1489,W-B
1125,1227,aG-B
508,1125,W-B
508,1227,W-G
1125,1292,W-B
1227,1292,W-G
436,1103,aG-B
376,1103,W-B
376,436,W-G
1103,1333,W-B
436,1333,W-G
1265,1412,aG-B
1204,1265,W-B
1204,1412,W-G
552,1265,W-B
552,1412,W-G
750,1067,aG-B
1067,1289,W-B
750,1289,W-G
630,1067,W-B
630,750,W-G
16,1033,aG-B
16,808,W-B
808,1033,W-G
16,42,W-B
42,1033,W-G
995,1065,aG-B
419,1065,W-B
419,995,W-G
1065,1363,W-B
995,1363,W-G
265,583,aG-B
265,323,W-B
323,583,W-G
265,809,W-B
583,809,W-G
541,1390,aG-B
1192,1390,W-B
541,1192,W-G
1390,1399,W-B
541,1399,W-G
136,1468,aG-B
1284,1468,W-B
136,1284,W-G
1326,1468,W-B
136,1326,W-G
1119,1322,aG-B
1063,1119,W-B
1063,1322,W-G
1119,1344,W-B
1322,1344,W-G
116,447,aG-B
313,447,W-B
116,313,W-G
447,1446,W-B
116,1446,W-G
232,745,aG-B
232,663,W-B
663,745,W-G
232,1100,W-B
745,1100,W-G
413,524,aG-B
413,1381,W-B
524,1381,W-G
299,413,W-B
299,524,W-G
1123,1211,aG-B
445,1123,W-B
445,1211,W-G
503,1123,W-B
503,1211,W-G
597,1091,aG-B
510,1091,W-B
510,597,W-G
1091,1149,W-B
597,1149,W-G
854,896,aG-B
896,1162,W-B
854,1162,W-G
210,854,W-G
706,896,W-B
311,1498,aG-B
96,1498,W-B
96,311,W-G
1218,1498,W-B
311,1218,W-G
454,1018,aG-B
160,454,W-B
160,1018,W-G
454,1292,W-B
1018,1292,W-G
458,561,aG-B
458,1156,W-B
561,1156,W-G
458,1407,W-B
561,1407,W-G
191,991,aG-B
616,991,W-B
53,191,W-G
191,255,W-G
452,991,W-B
1456,1512,aG-B
1456,1457,W-G
1435,1456,W-G
606,1512,W-B
1273,1512,W-B
768,1111,aG-B
1111,1380,W-B
768,1380,W-G
405,1111,W-B
405,768,W-G
898,1419,aG-B
532,898,W-B
532,1419,W-G
262,898,W-B
262,1419,W-G
666,1518,aG-B
666,1222,W-B
1222,1518,W-G
651,666,W-B
651,1518,W-G
345,448,aG-B
448,1197,W-B
345,1197,W-G
448,1518,W-B
345,1518,W-G
1035,1069,aG-B
677,1069,W-B
677,1035,W-G
1069,1079,W-B
1035,1079,W-G
288,1184,aG-B
3,1184,W-B
3,288,W-G
1184,1331,W-B
288,1331,W-G
1429,1507,aG-B
681,1507,W-B
681,1429,W-G
1148,1507,W-B
1148,1429,W-G
1115,1425,aG-B
941,1115,W-B
941,1425,W-G
1017,1115,W-B
1017,1425,W-G
438,1096,aG-B
1017,1096,W-B
438,1017,W-G
1096,1448,W-B
438,1448,W-G
48,1261,aG-B
48,325,W-B
325,1261,W-G
48,1455,W-B
1261,1455,W-G
1072,1450,aG-B
1072,1186,W-B
1186,1450,W-G
474,1072,W-B
474,1450,W-G
906,1324,aG-B
906,1019,W-B
1019,1324,W-G
560,906,W-B
560,1324,W-G
645,1422,aG-B
645,1010,W-B
1010,1422,W-G
366,645,W-B
366,1422,W-G
362,977,aG-B
519,977,W-B
362,519,W-G
122,977,W-B
122,362,W-G
743,1112,aG-B
1112,1332,W-B
743,1332,W-G
1075,1112,W-B
743,1075,W-G
440,1461,aG-B
307,1461,W-B
307,440,W-G
153,1461,W-B
153,440,W-G
127,695,aG-B
695,753,W-B
127,753,W-G
394,695,W-B
127,394,W-G
234,1413,aG-B
234,371,W-B
371,1413,W-G
234,1212,W-B
1212,1413,W-G
580,715,aG-B
715,787,W-B
580,787,W-G
715,866,W-B
580,866,W-G
337,509,aG-B
337,1011,W-B
509,1011,W-G
337,1424,W-B
509,1424,W-G
463,1132,aG-B
195,1132,W-B
195,463,W-G
1132,1214,W-B
463,1214,W-G
226,304,aG-B
226,1100,W-B
304,1100,W-G
226,1191,W-B
304,1191,W-G
62,1398,aG-B
434,1398,W-B
62,434,W-G
1193,1398,W-B
62,1193,W-G
486,1138,aG-B
171,486,W-G
486,1500,W-G
852,1138,W-B
1086,1138,W-B
149,1071,aG-B
82,1071,W-B
82,149,W-G
1071,1247,W-B
149,1247,W-G
944,1076,aG-B
1075,1076,W-B
944,1075,W-G
1020,1076,W-B
944,1020,W-G
734,968,aG-B
520,968,W-B
520,734,W-G
968,1208,W-B
734,1208,W-G
1160,1268,aG-B
522,1160,W-B
522,1268,W-G
279,1160,W-B
279,1268,W-G
641,1342,aG-B
434,641,W-B
434,1342,W-G
641,1219,W-B
1219,1342,W-G
221,1348,aG-B
221,860,W-B
860,1348,W-G
182,221,W-B
182,1348,W-G
431,491,aG-B
194,431,W-B
194,491,W-G
431,520,W-B
491,520,W-G
150,628,aG-B
186,628,W-B
150,186,W-G
526,628,W-B
150,526,W-G
659,1207,aG-B
659,1197,W-B
1197,1207,W-G
77,659,W-B
77,1207,W-G
480,1470,aG-B
653,1470,W-B
480,653,W-G
1223,1470,W-B
480,1223,W-G
321,900,aG-B
730,900,W-B
321,730,W-G
900,1255,W-B
321,1255,W-G
819,894,aG-B
334,894,W-B
334,819,W-G
575,894,W-B
575,819,W-G
251,918,aG-B
251,773,W-B
773,918,W-G
251,1213,W-B
918,1213,W-G
132,1133,aG-B
503,1133,W-B
132,503,W-G
691,1133,W-B
132,691,W-G
472,1472,aG-B
1402,1472,W-B
472,1402,W-G
1028,1472,W-B
472,1028,W-G
240,1347,aG-B
240,776,W-B
776,1347,W-G
240,1185,W-B
1185,1347,W-G
887,1297,aG-B
887,1017,W-B
1017,1297,W-G
887,1409,W-B
1297,1409,W-G
839,933,aG-B
501,933,W-B
501,839,W-G
499,933,W-B
499,839,W-G
646,1084,aG-B
778,1084,W-B
646,778,W-G
351,1084,W-B
351,646,W-G
683,1012,aG-B
683,1411,W-B
1012,1411,W-G
683,779,W-B
779,1012,W-G
128,958,aG-B
96,958,W-B
96,128,W-G
958,1196,W-B
128,1196,W-G
483,1013,aG-B
483,1501,W-B
1013,1501,W-G
483,746,W-B
746,1013,W-G
1163,1358,aG-B
169,1163,W-B
169,1358,W-G
847,1163,W-B
847,1358,W-G
1172,1314,aG-B
207,1314,W-G
318,1314,W-G
268,1172,W-B
97,1172,W-B
97,1314,W-G
981,1022,aG-B
197,981,W-B
197,1022,W-G
405,981,W-B
405,1022,W-G
430,589,aG-B
430,1380,W-B
589,1380,W-G
430,698,W-B
589,698,W-G
32,635,aG-B
122,635,W-B
32,122,W-G
635,1050,W-B
32,1050,W-G
409,588,aG-B
371,409,W-B
371,588,W-G
295,409,W-B
295,588,W-G
963,1346,aG-B
145,963,W-B
145,1346,W-G
55,963,W-B
55,1346,W-G
29,44,aG-B
44,389,W-B
29,389,W-G
44,1323,W-B
29,1323,W-G
676,1287,aG-B
156,676,W-B
156,1287,W-G
676,830,W-B
830,1287,W-G
241,1190,aG-B
241,778,W-B
778,1190,W-G
165,241,W-B
165,1190,W-G
1159,1349,aG-B
612,1159,W-B
612,1349,W-G
615,1159,W-B
615,1349,W-G
643,1275,aG-B
812,1275,W-G
257,1275,W-G
643,1153,W-B
643,1272,W-B
548,1442,aG-B
1442,1509,W-B
548,1509,W-G
782,1442,W-B
548,782,W-G
946,1300,aG-B
63,1300,W-B
63,946,W-G
79,1300,W-B
79,946,W-G
249,286,aG-B
10,249,W-B
10,286,W-G
237,249,W-B
237,286,W-G
36,484,aG-B
36,529,W-B
484,529,W-G
36,390,W-B
390,484,W-G
51,919,aG-B
919,1364,W-G
919,1410,W-G
51,674,W-B
51,1141,W-B
919,1141,W-G
682,1357,aG-B
682,1499,W-B
682,786,W-B
1155,1357,W-G
817,1357,W-G
43,858,aG-B
43,790,W-B
790,858,W-G
43,1510,W-B
858,1510,W-G
233,1481,aG-B
233,1380,W-B
1380,1481,W-G
233,772,W-B
772,1481,W-G
433,1466,aG-B
1380,1466,W-B
433,1380,W-G
400,1466,W-B
400,433,W-G
680,1445,aG-B
11,1445,W-G
9,1445,W-G
680,778,W-B
680,1373,W-B
654,877,aG-B
803,877,W-B
654,803,W-G
877,1380,W-B
654,1380,W-G
235,737,aG-B
197,235,W-B
197,737,W-G
235,1055,W-B
737,1055,W-G
895,1434,aG-B
503,895,W-B
503,1434,W-G
895,1515,W-B
1434,1515,W-G
39,740,aG-B
39,950,W-B
740,950,W-G
39,577,W-B
577,740,W-G
275,601,aG-B
275,361,W-B
361,601,W-G
275,467,W-B
467,601,W-G
349,1070,aG-B
748,1070,W-B
349,748,W-G
729,1070,W-B
349,729,W-G
446,789,aG-B
446,1380,W-B
789,1380,W-G
347,446,W-B
347,789,W-G
705,799,aG-B
705,827,W-B
799,827,W-G
705,866,W-B
799,866,W-G
909,1024,aG-B
909,1328,W-B
1024,1328,W-G
383,909,W-B
383,1024,W-G
1077,1245,aG-B
78,1077,W-B
78,1245,W-G
373,1077,W-B
373,1245,W-G
707,859,aG-B
8,707,W-B
8,859,W-G
707,807,W-B
807,859,W-G
229,465,aG-B
229,356,W-B
356,465,W-G
229,832,W-B
465,832,W-G
357,1095,aG-B
523,1095,W-B
357,523,W-G
165,1095,W-B
165,357,W-G
231,621,aG-B
231,405,W-B
405,621,W-G
231,834,W-B
621,834,W-G
908,1042,aG-B
908,1406,W-B
1042,1406,W-G
824,908,W-B
824,1042,W-G
647,1076,aG-B
576,1076,W-B
174,1076,W-B
636,1253,aG-B
636,763,W-B
763,1253,W-G
636,1487,W-B
1253,1487,W-G
316,889,aG-B
889,1014,W-B
316,1014,W-G
889,1299,W-B
316,1299,W-G
1058,1229,aG-B
503,1058,W-B
503,1229,W-G
1058,1488,W-B
1229,1488,W-G
272,1267,aG-B
1,272,W-B
1,1267,W-G
272,955,W-B
955,1267,W-G
239,1257,aG-B
239,371,W-B
371,1257,W-G
239,504,W-B
504,1257,W-G
689,1008,aG-B
209,689,W-B
209,1008,W-G
689,1447,W-B
1008,1447,W-G
657,770,aG-B
657,1199,W-B
770,1199,W-G
657,868,W-B
770,868,W-G
500,959,aG-B
959,1521,W-B
500,1521,W-G
107,959,W-B
107,500,W-G
1009,1109,aG-B
545,1109,W-B
545,1009,W-G
784,1109,W-B
784,1009,W-G
984,1290,aG-B
519,984,W-B
519,1290,W-G
984,1505,W-B
1290,1505,W-G
242,469,aG-B
242,777,W-B
469,777,W-G
242,539,W-B
469,539,W-G
1124,1279,aG-B
1124,1427,W-B
1279,1427,W-G
757,1124,W-B
757,1279,W-G
880,1334,aG-B
511,880,W-B
511,1334,W-G
845,880,W-B
845,1334,W-G
202,410,aG-B
197,410,W-B
197,202,W-G
372,410,W-B
202,372,W-G
473,878,aG-B
197,878,W-B
197,473,W-G
600,878,W-B
473,600,W-G
106,693,aG-B
693,742,W-B
106,742,W-G
296,693,W-B
106,296,W-G
485,979,aG-B
979,1414,W-B
485,1414,W-G
979,1037,W-B
485,1037,W-G
143,967,aG-B
967,1006,W-B
143,1006,W-G
967,1338,W-B
143,1338,W-G
33,1479,aG-B
33,816,W-B
816,1479,W-G
33,71,W-B
71,1479,W-G
573,638,aG-B
100,638,W-B
100,573,W-G
638,1345,W-B
573,1345,W-G
1173,1285,aG-B
1173,1351,W-B
1285,1351,W-G
766,1173,W-B
766,1285,W-G
1170,1458,aG-B
1170,1262,W-B
1262,1458,W-G
66,1170,W-B
66,1458,W-G
390,1151,aG-B
615,1151,W-B
390,615,W-G
1151,1380,W-B
390,1380,W-G
815,971,aG-B
971,1044,W-B
815,1044,W-G
280,971,W-B
280,815,W-G
699,1444,aG-B
10,699,W-B
10,1444,W-G
1258,1444,W-G
699,833,W-B
72,278,aG-B
72,767,W-B
278,767,W-G
72,751,W-B
278,751,W-G
338,655,aG-B
338,1345,W-B
655,1345,W-G
338,947,W-B
655,947,W-G
142,1496,aG-B
1380,1496,W-B
142,1380,W-G
438,1496,W-B
142,438,W-G
632,875,aG-B
875,1460,W-G
875,888,W-G
13,632,W-B
624,632,W-B
837,1303,aG-B
837,842,W-G
1220,1303,W-B
837,1220,W-G
1303,1396,W-B
591,690,aG-B
378,690,W-B
378,591,W-G
688,690,W-B
591,688,W-G
846,1167,aG-B
846,1482,W-G
846,870,W-G
1167,1503,W-B
18,1167,W-B
110,1157,aG-B
477,1157,W-B
110,477,W-G
503,1157,W-B
110,503,W-G
123,1136,aG-B
1006,1136,W-B
123,1006,W-G
884,1136,W-B
123,884,W-G
193,626,aG-B
626,1006,W-B
193,1006,W-G
626,956,W-B
193,956,W-G
205,712,aG-B
712,1000,W-B
205,1000,W-G
608,712,W-B
205,608,W-G
907,1251,aG-B
907,1426,W-B
1251,1426,W-G
117,907,W-B
117,1251,W-G
375,989,aG-B
949,989,W-B
375,949,W-G
254,989,W-B
254,375,W-G
14,953,aG-B
14,579,W-B
579,953,W-G
14,1041,W-B
953,1041,W-G
146,935,aG-B
137,935,W-B
137,146,W-G
326,935,W-B
146,326,W-G
540,1129,aG-B
122,1129,W-B
122,540,W-G
993,1129,W-B
540,993,W-G
540,631,aG-B
122,631,W-B
631,1050,W-B
131,661,aG-B
93,661,W-B
93,131,W-G
661,1317,W-B
131,1317,W-G
203,911,aG-B
118,911,W-B
118,203,W-G
590,911,W-B
203,590,W-G
147,927,aG-B
922,927,W-B
147,922,W-G
775,927,W-B
147,775,W-G
50,1298,aG-B
554,1298,W-G
324,1298,W-G
50,800,W-B
50,111,W-B
19,811,aG-B
19,917,W-B
811,917,W-G
19,990,W-B
559,811,W-G
139,983,aG-B
197,983,W-B
139,197,W-G
983,1256,W-B
139,1256,W-G
256,1432,aG-B
256,1439,W-B
1432,1439,W-G
256,788,W-B
788,1432,W-G
1476,1491,aG-B
1004,1476,W-B
1004,1491,W-G
283,1476,W-B
283,1491,W-G
498,642,aG-B
642,1406,W-B
498,1406,W-G
642,1286,W-B
498,1286,W-G
428,1040,aG-B
428,520,W-B
520,1040,W-G
122,428,W-B
122,1040,W-G
475,883,aG-B
243,883,W-B
243,475,W-G
73,883,W-B
73,475,W-G
168,931,aG-B
10,931,W-B
10,168,W-G
488,931,W-B
168,488,W-G
603,1183,aG-B
291,1183,W-B
291,603,W-G
355,1183,W-B
355,603,W-G
899,1270,aG-B
916,1270,W-G
725,899,W-B
725,1270,W-G
456,899,W-B
899,930,W-B
722,881,aG-B
881,1258,W-B
722,1258,W-G
367,881,W-B
367,722,W-G
650,672,aG-B
476,672,W-B
476,650,W-G
672,1351,W-B
650,1351,W-G
633,649,aG-B
209,633,W-B
209,649,W-G
605,633,W-B
605,649,W-G
298,1301,aG-B
298,1043,W-G
24,298,W-G
720,1301,W-B
396,1301,W-B
1152,1509,aG-B
1152,1351,W-B
1351,1509,W-G
1152,1430,W-B
1430,1509,W-G
332,988,aG-B
192,988,W-B
192,332,W-G
988,1301,W-B
332,1301,W-G
578,886,aG-B
867,886,W-B
886,905,W-B
578,1353,W-G
565,578,W-G
416,1168,aG-B
731,1168,W-B
416,731,W-G
952,1168,W-B
416,952,W-G
104,673,aG-B
593,673,W-B
104,593,W-G
518,673,W-B
104,518,W-G
538,1150,aG-B
828,1150,W-B
538,828,W-G
497,1150,W-B
497,538,W-G
960,1308,aG-B
126,960,W-B
126,1308,W-G
604,960,W-B
604,1308,W-G
733,961,aG-B
961,1264,W-B
733,1264,W-G
373,961,W-B
373,733,W-G
331,340,aG-B
312,331,W-G
166,331,W-G
260,340,W-B
266,340,W-B
1335,1513,aG-B
395,1335,W-G
258,1513,W-B
67,1513,W-B
427,1335,W-G
189,662,aG-B
662,871,W-B
189,871,W-G
662,1387,W-B
189,1387,W-G
521,1059,aG-B
365,1059,W-B
365,521,W-G
1059,1264,W-B
521,1264,W-G
640,1401,aG-B
640,1426,W-B
1401,1426,W-G
640,1318,W-B
1318,1401,W-G
245,303,aG-B
245,1351,W-B
303,1351,W-G
245,1361,W-B
303,1361,W-G
35,1315,aG-B
35,904,W-B
904,1315,W-G
35,225,W-B
225,1315,W-G
425,513,aG-B
425,520,W-B
513,520,W-G
122,425,W-B
122,513,W-G
1469,1492,aG-B
1339,1469,W-B
1339,1492,W-G
506,1469,W-B
506,1492,W-G
74,823,aG-B
74,972,W-B
823,972,W-G
74,715,W-B
715,823,W-G
1274,1397,aG-B
840,1397,W-B
840,1274,W-G
1378,1397,W-B
1274,1378,W-G
439,1088,aG-B
934,1088,W-B
439,934,W-G
910,1088,W-B
439,910,W-G
55,437,aG-B
55,497,W-B
437,497,W-G
55,543,W-B
437,543,W-G
261,310,aG-B
310,814,W-G
261,902,W-B
261,1483,W-B
966,1209,aG-B
122,1209,W-G
85,1209,W-G
339,966,W-B
369,966,W-B
46,1252,aG-B
46,1370,W-B
1252,1370,W-G
46,595,W-B
595,1252,W-G
1118,1313,aG-B
665,1118,W-B
1118,1228,W-B
1228,1313,W-G
806,1313,W-G
417,572,aG-B
138,417,W-B
138,572,W-G
417,1264,W-B
572,1264,W-G
31,629,aG-B
370,629,W-B
31,370,W-G
122,629,W-B
31,122,W-G
592,936,aG-B
503,936,W-B
503,592,W-G
936,1003,W-B
592,1003,W-G
1036,1391,aG-B
1391,1454,W-B
1036,1454,W-G
1225,1391,W-B
1036,1225,W-G
443,1389,aG-B
1236,1389,W-B
377,1389,W-B
443,1340,W-G
443,709,W-G
290,1105,aG-B
422,1105,W-B
290,422,W-G
1075,1105,W-B
290,1075,W-G
985,1319,aG-B
7,985,W-B
7,1319,W-G
985,1264,W-B
1264,1319,W-G
271,379,aG-B
271,1373,W-B
379,1373,W-G
271,382,W-B
379,382,W-G
1278,1394,aG-B
1388,1394,W-B
1278,1388,W-G
299,1394,W-B
299,1278,W-G
1025,1474,aG-B
201,1474,W-B
201,1025,W-G
113,1474,W-B
113,1025,W-G
292,459,aG-B
459,1360,W-B
292,1360,W-G
459,728,W-B
292,728,W-G
22,686,aG-B
686,1392,W-B
22,1392,W-G
686,802,W-B
22,802,W-G
627,764,aG-B
503,627,W-B
503,764,W-G
568,627,W-B
568,764,W-G
336,495,aG-B
336,556,W-B
495,556,W-G
336,620,W-B
495,620,W-G
1126,1371,aG-B
163,1126,W-B
163,1371,W-G
1126,1291,W-B
1291,1371,W-G
574,1140,aG-B
329,1140,W-B
329,574,W-G
133,1140,W-B
133,574,W-G
441,912,aG-B
360,912,W-B
360,441,W-G
89,912,W-B
89,441,W-G
273,1312,aG-B
273,763,W-B
763,1312,W-G
273,778,W-B
778,1312,W-G
451,1030,aG-B
451,1350,W-B
1030,1350,W-G
451,1205,W-B
1030,1205,W-G
755,976,aG-B
652,976,W-B
652,755,W-G
976,1295,W-B
755,1295,W-G
170,227,aG-B
227,1243,W-B
170,1243,W-G
227,917,W-B
170,917,W-G
21,1054,aG-B
1054,1350,W-B
21,1350,W-G
519,1054,W-B
21,519,W-G
937,1415,aG-B
141,937,W-B
141,1415,W-G
75,937,W-B
75,1415,W-G
289,975,aG-B
224,975,W-B
224,289,W-G
516,975,W-B
289,516,W-G
830,1465,aG-B
371,1465,W-B
371,830,W-G
572,1465,W-B
572,830,W-G
536,670,aG-B
371,670,W-B
371,536,W-G
670,820,W-B
536,820,W-G
945,1475,aG-B
141,1475,W-B
141,945,W-G
75,1475,W-B
75,945,W-G
358,1093,aG-B
692,1093,W-B
358,692,W-G
572,1093,W-B
358,572,W-G
1249,1477,aG-B
164,1477,W-B
164,1249,W-G
371,1477,W-B
371,1249,W-G
704,1276,aG-B
76,704,W-B
76,1276,W-G
17,704,W-B
17,1276,W-G
398,1001,aG-B
317,398,W-B
317,1001,W-G
185,398,W-B
175,398,W-B
874,1001,W-G
105,1181,aG-B
925,1181,W-B
105,925,W-G
778,1181,W-B
105,778,W-G
135,1102,aG-B
503,1102,W-B
135,503,W-G
1102,1216,W-B
135,1216,W-G
1113,1437,aG-B
157,1113,W-B
426,1113,W-B
1437,1484,W-G
217,1437,W-G
418,717,aG-B
418,528,W-B
528,717,W-G
418,1005,W-B
717,1005,W-G
711,1032,aG-B
711,829,W-B
829,1032,W-G
711,1178,W-B
1032,1178,W-G
144,1117,aG-B
1117,1486,W-B
144,1486,W-G
461,1117,W-B
144,461,W-G
1137,1452,aG-B
411,1137,W-B
411,1452,W-G
851,1137,W-B
851,1452,W-G
482,1158,aG-B
748,1158,W-B
482,748,W-G
1016,1158,W-B
482,1016,W-G
546,980,aG-B
88,980,W-B
88,546,W-G
138,980,W-B
138,546,W-G
269,1007,aG-B
269,1516,W-B
1007,1516,W-G
269,1372,W-B
1007,1372,W-G
479,614,aG-B
585,614,W-B
614,710,W-B
95,479,W-G
479,1232,W-G
347,403,aG-B
403,1380,W-B
347,1380,W-G
403,503,W-B
347,503,W-G
667,1239,aG-B
667,1506,W-B
1239,1506,W-G
667,851,W-B
851,1239,W-G
744,1066,aG-B
1066,1292,W-B
744,1292,W-G
180,1066,W-B
180,744,W-G
835,1441,aG-B
610,835,W-G
216,1441,W-B
216,835,W-G
1053,1441,W-B
835,1053,W-G
685,747,aG-B
685,1018,W-B
747,1018,W-G
685,1049,W-B
747,1049,W-G
551,965,aG-B
173,965,W-B
173,551,W-G
280,965,W-B
280,551,W-G
58,1504,aG-B
58,1153,W-B
1153,1504,W-G
58,1380,W-B
1380,1504,W-G
762,1395,aG-B
1395,1414,W-B
762,1414,W-G
1226,1395,W-B
762,1226,W-G
284,1110,aG-B
594,1110,W-B
284,594,W-G
1068,1110,W-B
284,1068,W-G
1064,1294,aG-B
508,1064,W-B
508,1294,W-G
90,1064,W-B
90,1294,W-G
1175,1254,aG-B
602,1175,W-B
602,1254,W-G
180,1175,W-B
180,1254,W-G
882,1416,aG-B
862,882,W-B
862,1416,W-G
28,882,W-B
28,1416,W-G
297,1520,aG-B
1166,1520,W-B
297,1166,W-G
1056,1520,W-B
297,1056,W-G
759,1128,aG-B
572,1128,W-B
572,759,W-G
371,1128,W-B
371,759,W-G
401,1282,aG-B
401,1050,W-B
1050,1282,W-G
160,401,W-B
160,1282,W-G
969,1277,aG-B
897,969,W-B
897,1277,W-G
25,969,W-B
25,1277,W-G
308,656,aG-B
267,656,W-B
267,308,W-G
264,656,W-B
264,308,W-G
70,724,aG-B
70,769,W-B
724,769,W-G
70,1153,W-B
724,1153,W-G
558,669,aG-B
558,1034,W-G
530,669,W-B
530,558,W-G
664,669,W-B
849,1237,aG-B
528,1237,W-B
528,849,W-G
1237,1367,W-B
849,1367,W-G
471,1143,aG-B
177,1143,W-B
177,471,W-G
471,1438,W-G
1106,1143,W-B
668,1433,aG-B
519,668,W-B
519,1433,W-G
285,668,W-B
285,1433,W-G
316,893,aG-B
893,923,W-B
316,923,W-G
555,893,W-B
316,555,W-G
549,1135,aG-B
876,1135,W-B
549,876,W-G
550,1135,W-B
549,550,W-G
282,1061,aG-B
1061,1296,W-B
327,1061,W-B
181,282,W-G
282,1293,W-G
86,1078,aG-B
1078,1345,W-B
86,1345,W-G
151,1078,W-B
86,151,W-G
639,1420,aG-B
639,1426,W-B
1420,1426,W-G
639,1318,W-B
1318,1420,W-G
542,1306,aG-B
1050,1306,W-B
542,1050,W-G
161,1306,W-B
161,542,W-G
821,1130,aG-B
406,1130,W-B
406,821,W-G
1130,1467,W-B
821,1467,W-G
1161,1226,aG-B
757,1161,W-B
757,1226,W-G
1161,1365,W-B
1226,1365,W-G
148,220,aG-B
220,1223,W-B
148,1223,W-G
148,501,W-G
220,1494,W-B
314,450,aG-B
107,314,W-G
49,801,aG-B
49,954,W-B
49,387,W-B
741,1471,aG-B
503,1471,W-B
503,741,W-G
3,1471,W-B
3,741,W-G
5,982,aG-B
932,982,W-B
5,932,W-G
982,1380,W-B
5,1380,W-G
901,1485,aG-B
582,901,W-B
54,901,W-B
804,1485,W-G
333,1485,W-G
222,716,aG-B
222,838,W-B
716,838,W-G
222,866,W-B
716,866,W-G
1005,1114,aG-B
564,1114,W-B
564,1005,W-G
529,1114,W-B
529,1005,W-G
1060,1355,aG-B
1060,1337,W-B
1337,1355,W-G
466,1060,W-B
466,1355,W-G
34,344,aG-B
34,999,W-B
344,999,W-G
34,515,W-B
344,515,W-G
10302,391,M-E
10497,769,M-E
10330,1295,M-E
10289,1080,M-E
10288,230,M-E
10288,351,M-E
10614,364,M-E
10510,856,M-E
10611,125,M-E
10538,512,M-E
10615,1206,M-E
10209,52,M-E
10960,151,M-E
10486,872,M-E
10611,393,M-E
10611,1361,M-E
10611,1362,M-E
10036,342,M-E
10036,1062,M-E
10510,1380,M-E
10198,64,M-E
10198,1359,M-E
10344,436,M-E
10344,1327,M-E
10758,534,M-E
10413,501,M-E
10744,1210,M-E
10510,214,M-E
10311,1000,M-E
10192,30,M-E
10192,270,M-E
10363,1200,M-E
10365,1241,M-E
10065,80,M-E
10065,223,M-E
10607,519,M-E
10420,1505,M-E
10361,404,M-E
10386,1473,M-E
10085,468,M-E
10517,567,M-E
10786,1038,M-E
10322,1198,M-E
10073,1217,M-E
10287,350,M-E
10653,778,M-E
10480,56,M-E
10401,761,M-E
10473,1006,M-E
10996,154,M-E
10516,238,M-E
10699,243,M-E
10121,562,M-E
10516,596,M-E
10386,108,M-E
10473,112,M-E
10721,1037,M-E
10714,367,M-E
10714,1258,M-E
10901,1269,M-E
10842,1021,M-E
10457,587,M-E
10999,777,M-E
10593,122,M-E
10413,3,M-E
10747,1015,M-E
10747,1182,M-E
10754,928,M-E
10615,660,M-E
10183,1431,M-E
10464,236,M-E
10791,1449,M-E
10960,1511,M-E
10624,26,M-E
10624,1107,M-E
10222,93,M-E
10813,247,M-E
10985,10,M-E
10497,1264,M-E
10315,487,M-E
10902,1134,M-E
10197,1522,M-E
10298,352,M-E
10420,408,M-E
10298,648,M-E
10999,520,M-E
10318,489,M-E
10711,1417,M-E
10464,211,M-E
10150,294,M-E
10263,402,M-E
10594,38,M-E
10594,302,M-E
10928,432,M-E
10410,1330,M-E
10762,582,M-E
10108,742,M-E
10318,386,M-E
10794,1127,M-E
10794,1165,M-E
10794,1383,M-E
10385,196,M-E
10963,948,M-E
10815,580,M-E
10203,865,M-E
10203,892,M-E
10203,1459,M-E
10079,160,M-E
10218,749,M-E
10218,1074,M-E
10937,1048,M-E
10937,1493,M-E
10699,183,M-E
10250,940,M-E
10420,197,M-E
10420,1259,M-E
10736,780,M-E
10486,1408,M-E
10736,1418,M-E
10963,793,M-E
10963,1026,M-E
10744,920,M-E
10015,59,M-E
10722,218,M-E
10409,407,M-E
10722,687,M-E
10763,708,M-E
10250,96,M-E
10409,1002,M-E
10250,1218,M-E
10079,738,M-E
10338,962,M-E
10401,109,M-E
10407,586,M-E
10963,152,M-E
10401,327,M-E
10385,1089,M-E
10763,1250,M-E
10366,671,M-E
10034,619,M-E
10278,1188,M-E
10311,354,M-E
10075,81,M-E
10685,134,M-E
10435,566,M-E
10674,527,M-E
10203,1073,M-E
10365,658,M-E
10518,771,M-E
10518,1099,M-E
10496,873,M-E
10947,1215,M-E
10815,787,M-E
10383,1087,M-E
10233,1321,M-E
10947,176,M-E
10947,415,M-E
10361,713,M-E
10740,781,M-E
10996,1031,M-E
10996,1451,M-E
10995,414,M-E
10995,700,M-E
10600,1244,M-E
10454,1154,M-E
10459,65,M-E
10278,609,M-E
10459,826,M-E
10940,41,M-E
10940,1023,M-E
10838,305,M-E
10711,1116,M-E
10241,1405,M-E
10365,162,M-E
10227,1240,M-E
10662,381,M-E
10425,890,M-E
10940,792,M-E
10123,444,M-E
10041,1309,M-E
10219,478,M-E
10971,795,M-E
10319,435,M-E
10319,490,M-E
10517,1242,M-E
10492,622,M-E
10373,23,M-E
10357,494,M-E
10322,822,M-E
10173,1379,M-E
10677,810,M-E
10555,1265,M-E
10555,1412,M-E
10855,1289,M-E
10092,1033,M-E
10497,419,M-E
10127,995,M-E
10127,1065,M-E
10173,1390,M-E
10150,1399,M-E
10333,1326,M-E
10241,1322,M-E
10684,1344,M-E
10298,232,M-E
10377,299,M-E
10763,1211,M-E
10525,510,M-E
10473,706,M-E
10690,454,M-E
10075,561,M-E
10333,1407,M-E
10310,321,M-E
10339,912,M-E
10810,1350,M-E
10357,755,M-E
10787,141,M-E
10622,1415,M-E
10498,1465,M-E
10338,670,M-E
10303,820,M-E
10679,945,M-E
10684,17,M-E
10459,1181,M-E
10960,1216,M-E
10425,217,M-E
10425,1437,M-E
10684,528,M-E
10435,1005,M-E
10684,829,M-E
10315,1178,M-E
10716,1117,M-E
10784,1486,M-E
10010,851,M-E
10928,1137,M-E
10180,88,M-E
10721,138,M-E
10180,980,M-E
10084,1372,M-E
10241,1516,M-E
10241,95,M-E
10241,479,M-E
10336,403,M-E
10191,667,M-E
10191,1239,M-E
10473,1506,M-E
10197,180,M-E
10690,685,M-E
10413,1153,M-E
10815,1504,M-E
10219,1226,M-E
10607,1414,M-E
10679,284,M-E
10164,1068,M-E
10195,90,M-E
10125,1064,M-E
10195,1294,M-E
10676,882,M-E
10676,1416,M-E
10108,1056,M-E
10798,1128,M-E
10079,1050,M-E
10487,656,M-E
10320,669,M-E
10365,849,M-E
10315,1367,M-E
10121,177,M-E
10740,285,M-E
10740,1433,M-E
10965,555,M-E
10357,893,M-E
10965,923,M-E
10914,549,M-E
10914,1135,M-E
10203,181,M-E
10522,282,M-E
10401,1296,M-E
10123,161,M-E
10855,542,M-E
10684,1467,M-E
10842,1161,M-E
10902,148,M-E
10015,220,M-E
10253,1223,M-E
10102,1494,M-E
10373,107,M-E
10817,801,M-E
10614,982,M-E
10511,333,M-E
10511,804,M-E
10046,222,M-E
10046,838,M-E
10685,529,M-E
10685,1114,M-E
10454,34,M-E
10310,999,M-E
10628,606,M-E
10628,1273,M-E
10487,768,M-E
10662,1111,M-E
10758,1419,M-E
10226,1518,M-E
10226,1222,M-E
10253,1197,M-E
10150,1035,M-E
10263,1079,M-E
10922,288,M-E
10922,1184,M-E
10413,1331,M-E
10223,1507,M-E
10783,1017,M-E
10965,1425,M-E
10340,1261,M-E
10492,1455,M-E
10194,1072,M-E
10815,1450,M-E
10810,1019,M-E
10593,362,M-E
10223,1075,M-E
10971,153,M-E
10971,307,M-E
10971,440,M-E
10971,1461,M-E
10330,394,M-E
10902,695,M-E
10330,753,M-E
10367,234,M-E
10580,337,M-E
10963,1424,M-E
10822,304,M-E
10991,62,M-E
10318,434,M-E
10991,1398,M-E
10901,171,M-E
10310,486,M-E
10310,852,M-E
10366,1086,M-E
10965,1138,M-E
10079,82,M-E
10284,944,M-E
10233,1076,M-E
10377,279,M-E
10798,1160,M-E
10963,1219,M-E
10671,186,M-E
10671,526,M-E
10407,659,M-E
10119,819,M-E
10119,894,M-E
10559,773,M-E
10222,918,M-E
10882,1133,M-E
10140,472,M-E
10140,1472,M-E
10125,1297,M-E
10241,839,M-E
10429,646,M-E
10338,1084,M-E
10677,779,M-E
10250,1196,M-E
10287,483,M-E
10685,1013,M-E
10287,1501,M-E
10176,1358,M-E
10034,268,M-E
10034,1172,M-E
10754,32,M-E
10593,635,M-E
10716,1346,M-E
10377,29,M-E
10420,389,M-E
10261,1323,M-E
10674,1287,M-E
10653,165,M-E
10999,241,M-E
10016,63,M-E
10787,946,M-E
10496,36,M-E
10302,484,M-E
10920,919,M-E
10053,1364,M-E
10498,1410,M-E
10513,1155,M-E
10913,790,M-E
10913,1510,M-E
10339,233,M-E
10940,1481,M-E
10015,433,M-E
10559,680,M-E
10085,1373,M-E
10999,1445,M-E
10188,654,M-E
10188,877,M-E
10073,737,M-E
10041,1055,M-E
10830,1434,M-E
10622,1515,M-E
10830,39,M-E
10200,950,M-E
10084,467,M-E
10273,349,M-E
10261,729,M-E
10176,1070,M-E
10336,446,M-E
10786,383,M-E
10027,78,M-E
10960,373,M-E
10622,1245,M-E
10481,707,M-E
10481,807,M-E
10481,859,M-E
10284,229,M-E
10420,356,M-E
10429,357,M-E
10653,523,M-E
10461,1095,M-E
10289,231,M-E
10363,621,M-E
10366,908,M-E
10574,1042,M-E
10293,1406,M-E
10233,647,M-E
10868,1487,M-E
10817,1058,M-E
10817,1229,M-E
10960,1488,M-E
10461,272,M-E
10041,1267,M-E
10580,209,M-E
10580,1008,M-E
10016,657,M-E
10410,500,M-E
10410,1521,M-E
10762,984,M-E
10940,1290,M-E
10525,880,M-E
10525,1334,M-E
10673,202,M-E
10673,410,M-E
10200,878,M-E
10868,693,M-E
10303,485,M-E
10622,1338,M-E
10026,71,M-E
10026,816,M-E
10233,1479,M-E
10522,1285,M-E
10838,1351,M-E
10538,1170,M-E
10985,699,M-E
10913,833,M-E
10457,72,M-E
10882,338,M-E
10338,655,M-E
10960,947,M-E
10830,142,M-E
10123,378,M-E
10183,591,M-E
10813,690,M-E
10600,123,M-E
10250,193,M-E
10092,956,M-E
10513,117,M-E
10209,907,M-E
10988,254,M-E
10988,375,M-E
10988,949,M-E
10988,989,M-E
10784,1041,M-E
10857,146,M-E
10857,935,M-E
10840,540,M-E
10822,1129,M-E
10709,203,M-E
10709,590,M-E
10592,775,M-E
10592,922,M-E
10996,50,M-E
10445,111,M-E
10164,324,M-E
10960,554,M-E
10791,800,M-E
10960,1298,M-E
10755,139,M-E
10755,983,M-E
10227,1256,M-E
10965,642,M-E
10840,1040,M-E
10907,291,M-E
10907,603,M-E
10920,722,M-E
10367,672,M-E
10271,605,M-E
10237,298,M-E
10407,1152,M-E
10125,192,M-E
10053,332,M-E
10293,565,M-E
10580,518,M-E
10271,593,M-E
10383,673,M-E
10817,538,M-E
10574,828,M-E
10244,604,M-E
10010,733,M-E
10027,189,M-E
10300,662,M-E
10300,871,M-E
10340,823,M-E
10787,934,M-E
10237,310,M-E
10237,1483,M-E
10123,85,M-E
10960,1370,M-E
10303,629,M-E
10244,592,M-E
10882,936,M-E
10600,1225,M-E
10340,1454,M-E
10496,1236,M-E
10496,1389,M-E
10567,290,M-E
10567,1105,M-E
10183,1319,M-E
10445,271,M-E
10960,1025,M-E
10480,1474,M-E
10102,22,M-E
10901,802,M-E
10194,627,M-E
10357,336,M-E
10783,1126,M-E
10273,1291,M-E
10997,329,M-E
10997,1140,M-E
10320,631,M-E
